<?xml version="1.0" encoding="UTF-8"?><pbcoreCollection xmlns="http://www.pbcore.org/PBCore/PBCoreNamespace.html" xmlns:xsi="http://www.w3.org/2001/XMLSchema-instance" xsi:schemaLocation="http://www.pbcore.org/PBCore/PBCoreNamespace.html http://pbcore.org/xsd/pbcore-2.0.xsd" collectionTitle="Robert Shaw Papers" collectionDescription="" collectionRef="" collectionDate="">	<pbcoreDescriptionDocument>		<pbcoreAssetType>12 inch lacquer disc</pbcoreAssetType>		<pbcoreAssetDate dateType="Item Creation Date">1948</pbcoreAssetDate>		<pbcoreIdentifier source="Yale University Library" annotation="ArchivesSpace ID">/repositories/6/archival_objects/2685917</pbcoreIdentifier>		<pbcoreIdentifier source="Yale University Library" annotation="Call #">mss_86</pbcoreIdentifier>		<pbcoreTitle titleType="Filename">mss_86_39002126525667_39002126525444</pbcoreTitle>		<pbcoreSubject/>		<pbcoreDescription descriptionType="Display Title">Part 1: My Romance, Part 2: Men of Horlech[?]; The Robert Shaw Chorale</pbcoreDescription>		<pbcoreRightsSummary>			<rightsSummary source="Yale University Library" annotation="Originator ">CtY-Gilmore Music</rightsSummary>		</pbcoreRightsSummary>		<pbcoreInstantiation>			<!-- Physical Asset -->			<instantiationIdentifier source="Yale University Library" annotation="Item Barcode">39002126525444</instantiationIdentifier>			<instantiationDate dateType="Item Creation Date">1948</instantiationDate>			<instantiationPhysical>12 inch lacquer disc</instantiationPhysical>			<instantiationStandard/>			<instantiationLocation>				<!-- Required Field -->			</instantiationLocation>			<instantiationMediaType>Sound</instantiationMediaType>			<instantiationGenerations>Master</instantiationGenerations>			<instantiationDuration>00:07:41</instantiationDuration>			<instantiationTracks>2 audio tracks</instantiationTracks>			<instantiationChannelConfiguration>Stereo; Ch1, Ch2</instantiationChannelConfiguration>			<instantiationLanguage source="ISO 639.2">eng</instantiationLanguage>			<instantiationEssenceTrack>				<essenceTrackType>Audio</essenceTrackType>				<essenceTrackPlaybackSpeed unitsOfMeasure="rpm">78</essenceTrackPlaybackSpeed>			</instantiationEssenceTrack>			<instantiationAnnotation annotationType="Stock Manufacturer">Soundcraft_Playback</instantiationAnnotation>			<instantiationAnnotation annotationType="Stylus Type and Size">ET 2.0</instantiationAnnotation>			<instantiationAnnotation annotationType="Physical Condition of Item">Cleaned Disc</instantiationAnnotation>			<instantiationAnnotation annotationType="YU Quality Control"/>			<instantiationAnnotation annotationType="Transfer Comments">Transferred by Brian Destremps; ; Audio Pops and/or Clicks, Audio Hiss</instantiationAnnotation>			<instantiationPart>				<instantiationIdentifier source="Yale University Library" annotation="Item Barcode">mss_86_39002126525667_39002126525444_a</instantiationIdentifier>				<instantiationLocation>					<!-- Required Field -->				</instantiationLocation>				<instantiationDuration>00:03:12</instantiationDuration>				<instantiationEssenceTrack>					<essenceTrackType>Audio</essenceTrackType>					<essenceTrackPlaybackSpeed unitsOfMeasure="rpm">78</essenceTrackPlaybackSpeed>				</instantiationEssenceTrack>			</instantiationPart>			<instantiationPart>				<instantiationIdentifier source="Yale University Library" annotation="Item Barcode">mss_86_39002126525667_39002126525444_b</instantiationIdentifier>				<instantiationLocation>					<!-- Required Field -->				</instantiationLocation>				<instantiationDuration>00:04:29</instantiationDuration>				<instantiationEssenceTrack>					<essenceTrackType>Audio</essenceTrackType>					<essenceTrackPlaybackSpeed unitsOfMeasure="rpm">78</essenceTrackPlaybackSpeed>				</instantiationEssenceTrack>			</instantiationPart>		</pbcoreInstantiation>		<pbcoreInstantiation>			<!-- Master -->			<instantiationIdentifier source="George Blood Audio Video Film">mss_86_39002126525667_39002126525444.mst</instantiationIdentifier>			<instantiationDate>2018-07-31</instantiationDate>			<instantiationDigital>audio/vnd.wave</instantiationDigital>			<instantiationStandard>Linear PCM Audio</instantiationStandard>			<instantiationLocation>				<!-- required field -->			</instantiationLocation>			<instantiationMediaType>Sound</instantiationMediaType>			<instantiationGenerations>Preservation Master</instantiationGenerations>			<instantiationTracks>2 audio tracks</instantiationTracks>			<instantiationChannelConfiguration>Stereo; Ch1, Ch2</instantiationChannelConfiguration>			<instantiationLanguage source="ISO 639.2">eng</instantiationLanguage>			<instantiationPart>				<instantiationIdentifier source="George Blood Audio Video Film" annotation="File Name">mss_86_39002126525667_39002126525444_a.mst.wav</instantiationIdentifier>				<instantiationIdentifier source="George Blood Audio Video Film 2018-08-01" annotation="messageDigest" version="MD5">6cda114820548cb2b42eb2da03c53e84</instantiationIdentifier>				<instantiationDate>2018-07-31</instantiationDate>				<instantiationLocation>					<!-- required field -->				</instantiationLocation>				<instantiationFileSize unitsOfMeasure="MiB">105</instantiationFileSize>				<instantiationDuration>00:03:12</instantiationDuration>				<instantiationEssenceTrack>					<essenceTrackType>Audio</essenceTrackType>					<essenceTrackStandard>Wave</essenceTrackStandard>					<essenceTrackSamplingRate unitsOfMeasure="kHz">96.0</essenceTrackSamplingRate>					<essenceTrackBitDepth>24</essenceTrackBitDepth>				</instantiationEssenceTrack>				<instantiationRelation>					<instantiationRelationType source="PBCore relationType">Derived from</instantiationRelationType>					<instantiationRelationIdentifier annotation="Item Barcode">mss_86_39002126525667_39002126525444_a</instantiationRelationIdentifier>				</instantiationRelation>				<instantiationAnnotation annotationType="Creating Application">MIO Console 5.5.01.208</instantiationAnnotation>				<instantiationAnnotation annotationType="Source Deck">Technics_SP-15; DA9J05A043</instantiationAnnotation>				<instantiationAnnotation annotationType="Digitizer">MetricHalo_LIO8; 2601001</instantiationAnnotation>				<instantiationAnnotation annotationType="Quality Control">Quality Control was performed by George Blood Audio/Video/Film and included a spot check of content, as well as the validation of the folder nest, file name, duration, format variation, and metadata</instantiationAnnotation>			</instantiationPart>			<instantiationPart>				<instantiationIdentifier source="George Blood Audio Video Film" annotation="File Name">mss_86_39002126525667_39002126525444_b.mst.wav</instantiationIdentifier>				<instantiationIdentifier source="George Blood Audio Video Film 2018-08-01" annotation="messageDigest" version="MD5">033749b9fc90ae2984c15999f711461b</instantiationIdentifier>				<instantiationDate>2018-07-31</instantiationDate>				<instantiationLocation>					<!-- required field -->				</instantiationLocation>				<instantiationFileSize unitsOfMeasure="MiB">148</instantiationFileSize>				<instantiationDuration>00:04:29</instantiationDuration>				<instantiationEssenceTrack>					<essenceTrackType>Audio</essenceTrackType>					<essenceTrackStandard>Wave</essenceTrackStandard>					<essenceTrackSamplingRate unitsOfMeasure="kHz">96.0</essenceTrackSamplingRate>					<essenceTrackBitDepth>24</essenceTrackBitDepth>				</instantiationEssenceTrack>				<instantiationRelation>					<instantiationRelationType source="PBCore relationType">Derived from</instantiationRelationType>					<instantiationRelationIdentifier annotation="Item Barcode">mss_86_39002126525667_39002126525444_b</instantiationRelationIdentifier>				</instantiationRelation>				<instantiationAnnotation annotationType="Creating Application">MIO Console 5.5.01.208</instantiationAnnotation>				<instantiationAnnotation annotationType="Source Deck">Technics_SP-15; DA9J05A043</instantiationAnnotation>				<instantiationAnnotation annotationType="Digitizer">MetricHalo_LIO8; 2601001</instantiationAnnotation>				<instantiationAnnotation annotationType="Quality Control">Quality Control was performed by George Blood Audio/Video/Film and included a spot check of content, as well as the validation of the folder nest, file name, duration, format variation, and metadata</instantiationAnnotation>			</instantiationPart>		</pbcoreInstantiation>		<pbcoreInstantiation>			<!-- Access -->			<instantiationIdentifier source="George Blood Audio Video Film">mss_86_39002126525667_39002126525444.u</instantiationIdentifier>			<instantiationDate>2018-07-31</instantiationDate>			<instantiationDigital>audio/mpeg</instantiationDigital>			<instantiationLocation>				<!-- required field -->			</instantiationLocation>			<instantiationMediaType>Sound</instantiationMediaType>			<instantiationGenerations>Access</instantiationGenerations>			<instantiationTracks>2 audio tracks</instantiationTracks>			<instantiationChannelConfiguration>Stereo; Ch1, Ch2</instantiationChannelConfiguration>			<instantiationLanguage source="ISO 639.2">eng</instantiationLanguage>			<instantiationPart>				<instantiationIdentifier source="George Blood Audio Video Film" annotation="File Name">mss_86_39002126525667_39002126525444_a.u.mp3</instantiationIdentifier>				<instantiationIdentifier source="George Blood Audio Video Film 2018-08-01" annotation="messageDigest" version="MD5">d6a74315ad41689c9289e1a94588ba5e</instantiationIdentifier>				<instantiationDate>2018-07-31</instantiationDate>				<instantiationLocation>					<!-- required field -->				</instantiationLocation>				<instantiationFileSize unitsOfMeasure="MiB">7.33</instantiationFileSize>				<instantiationDuration>00:03:12</instantiationDuration>				<instantiationEssenceTrack>					<essenceTrackType>Audio</essenceTrackType>					<essenceTrackStandard>MPEG Audio</essenceTrackStandard>					<essenceTrackDataRate unitsOfMeasure="Kbps">320</essenceTrackDataRate>					<essenceTrackSamplingRate unitsOfMeasure="kHz">44.1</essenceTrackSamplingRate>					<essenceTrackAnnotation>Compression Mode:Lossy</essenceTrackAnnotation>				</instantiationEssenceTrack>				<instantiationRelation>					<instantiationRelationType source="PBCore relationType">Derived from</instantiationRelationType>					<instantiationRelationIdentifier annotation="File Name">mss_86_39002126525667_39002126525444_a.mst.wav</instantiationRelationIdentifier>				</instantiationRelation>				<instantiationAnnotation annotationType="Quality Control">Quality Control was performed by George Blood Audio/Video/Film and included a spot check of content, as well as the validation of the folder nest, file name, duration, format variation, and metadata</instantiationAnnotation>			</instantiationPart>			<instantiationPart>				<instantiationIdentifier source="George Blood Audio Video Film" annotation="File Name">mss_86_39002126525667_39002126525444_b.u.mp3</instantiationIdentifier>				<instantiationIdentifier source="George Blood Audio Video Film 2018-08-01" annotation="messageDigest" version="MD5">ba5ab35e45135e8b7872f080ad59919d</instantiationIdentifier>				<instantiationDate>2018-07-31</instantiationDate>				<instantiationLocation>					<!-- required field -->				</instantiationLocation>				<instantiationFileSize unitsOfMeasure="MiB">10.3</instantiationFileSize>				<instantiationDuration>00:04:29</instantiationDuration>				<instantiationEssenceTrack>					<essenceTrackType>Audio</essenceTrackType>					<essenceTrackStandard>MPEG Audio</essenceTrackStandard>					<essenceTrackDataRate unitsOfMeasure="Kbps">320</essenceTrackDataRate>					<essenceTrackSamplingRate unitsOfMeasure="kHz">44.1</essenceTrackSamplingRate>					<essenceTrackAnnotation>Compression Mode:Lossy</essenceTrackAnnotation>				</instantiationEssenceTrack>				<instantiationRelation>					<instantiationRelationType source="PBCore relationType">Derived from</instantiationRelationType>					<instantiationRelationIdentifier annotation="File Name">mss_86_39002126525667_39002126525444_b.mst.wav</instantiationRelationIdentifier>				</instantiationRelation>				<instantiationAnnotation annotationType="Quality Control">Quality Control was performed by George Blood Audio/Video/Film and included a spot check of content, as well as the validation of the folder nest, file name, duration, format variation, and metadata</instantiationAnnotation>			</instantiationPart>		</pbcoreInstantiation>		<pbcoreAnnotation annotationType="YU Quality Control"/>	</pbcoreDescriptionDocument></pbcoreCollection>
