<?xml version="1.0" encoding="UTF-8"?><!-- This is a simple instantiation-level pbcore document that describes a backup LTO6 Tape.The description includes an IDentifier and a shelf location in a vault. --><pbcoreInstantiationDocument xmlns="http://www.pbcore.org/PBCore/PBCoreNamespace.html"     xmlns:xsi="http://www.w3.org/2001/XMLSchema-instance"     xsi:schemaLocation="https://github.com/WGBH/PBCore_2.1/blob/master/pbcore-2.1.xsd">	<!-- Physical Asset -->	<instantiationIdentifier source="Null University Archives" annotation="Tape ID">lto60004</instantiationIdentifier>	<instantiationDate>2014-09-16</instantiationDate>	<instantiationPhysical>LTO-6</instantiationPhysical>	<instantiationLocation annotation="Vault Location">e1-04.12</instantiationLocation>	<instantiationGenerations>Backup</instantiationGenerations>	<instantiationRelation>		<instantiationRelationType source="PBCore relationType" ref="http://metadataregistry.org/concept/list/vocabulary_id/161.html">Contains</instantiationRelationType>		<instantiationRelationIdentifier annotation="File Name">NUA_reel00445_01.wav</instantiationRelationIdentifier>	</instantiationRelation></pbcoreInstantiationDocument>
