<?xml version="1.0" encoding="UTF-8"?><!-- This is a simple instantiation-level pbcore document describing an audio file transferred from an audio reel. In this examples the location field contains a filepath.  --><pbcoreInstantiationDocument xmlns="http://www.pbcore.org/PBCore/PBCoreNamespace.html"     xmlns:xsi="http://www.w3.org/2001/XMLSchema-instance"     xsi:schemaLocation="https://github.com/WGBH/PBCore_2.1/blob/master/pbcore-2.1.xsd">	<instantiationIdentifier source="Null University Archives" annotation="File Name">NUA_cass00321_01.wav</instantiationIdentifier>	<instantiationDate>2015-05-11</instantiationDate>	<instantiationDigital source="IANA MIME Media types" ref="http://www.iana.org/assignments/media-types/">audio/vnd.wave</instantiationDigital>	<instantiationLocation>/Volumes/Drive0020/Audio/NUA_cass00321/PresMaster/NUA_cass00321_01.wav</instantiationLocation>	<instantiationGenerations>Master</instantiationGenerations>	<instantiationDuration>00:44:13</instantiationDuration>	<instantiationTracks>2 audio tracks</instantiationTracks>	<instantiationLanguage>eng</instantiationLanguage></pbcoreInstantiationDocument>
