<?xml version="1.0" encoding="UTF-8"?><!-- This is a complex description document-level pbcore document that describes a video asset.The four instantiations include a Umatic Video Tape, a Preservation Video File, A Mezzanine/Production Fileand a Web Copy. The physical tape is stored in a vault, while the digital files are stored on a Hydra CMS system.The location field for the digital files are URIs that link to the digital objects in the CMS --><pbcoreCollection xmlns="http://www.pbcore.org/PBCore/PBCoreNamespace.html" 	xmlns:xsi="http://www.w3.org/2001/XMLSchema-instance" 	xsi:schemaLocation="https://github.com/WGBH/PBCore_2.1/blob/master/pbcore-2.1.xsd">	<pbcoreDescriptionDocument>		<pbcoreAssetType>Media Object</pbcoreAssetType>		<pbcoreAssetDate dateType="DateCreated">1986-11-05</pbcoreAssetDate>		<pbcoreIdentifier source="NUA" annotation="Object Identifier">NUA_umatic00138</pbcoreIdentifier>		<pbcoreTitle titleType="Main or Supplied Title">Interview With Yancy Lentil</pbcoreTitle>		<pbcoreDescription descriptionType="Summary" descriptionTypeSource="http://metadataregistry.org/concept/list/vocabulary_id/139.html">An interview with underground zine editor and music reviewer</pbcoreDescription>		<pbcoreInstantiation>			<!-- Physical Asset -->			<instantiationIdentifier source="NUA" annotation="Object Identifier">NUA_umatic00138</instantiationIdentifier>			<instantiationDate dateType="DateCreated">1986-11-05</instantiationDate>			<instantiationPhysical>3/4 inch videotape: U-matic</instantiationPhysical>			<instantiationStandard>NTSC</instantiationStandard>			<instantiationLocation annotation="Department">Null University Special Collections</instantiationLocation>			<instantiationMediaType>Moving Image</instantiationMediaType>			<instantiationGenerations>Original</instantiationGenerations>			<instantiationDuration>00:14:51</instantiationDuration>			<instantiationLanguage source="ISO 639.2">eng</instantiationLanguage>		</pbcoreInstantiation>		<pbcoreInstantiation>			<!-- Preservation -->			<instantiationIdentifier source="Null University Archives" annotation="File Name">NUA_umatic00138_pres.mov</instantiationIdentifier>			<instantiationIdentifier source="Null University Archives 2015-10-03" annotation="messageDigest" version="MD5">d04788ca9d03181cf1b82f9e851be4f2</instantiationIdentifier>			<instantiationDate>2016-01-22</instantiationDate>			<instantiationDimensions unitsOfMeasure="Pixels">720x486</instantiationDimensions>			<instantiationDigital source="IANA MIME Media types" ref="http://www.iana.org/assignments/media-types/">video/mov</instantiationDigital>			<instantiationStandard>MPEG</instantiationStandard>			<instantiationLocation annotation="URI">http://my-fedora-repository.org/rest/dev/h9/89/r3/20/h989r3203</instantiationLocation>			<instantiationMediaType>Moving Image</instantiationMediaType>			<instantiationGenerations>Master</instantiationGenerations>			<instantiationDuration>00:14:51</instantiationDuration>			<instantiationTracks>1 video track; 2 audio tracks</instantiationTracks>			<instantiationLanguage source="ISO 639.2">eng</instantiationLanguage>				<instantiationRelation>				<instantiationRelationType source="PBCore relationType" ref="http://metadataregistry.org/concept/list/vocabulary_id/161.html">Derived from</instantiationRelationType>				<instantiationRelationIdentifier annotation="Tape ID">NUA_umatic00138</instantiationRelationIdentifier>			</instantiationRelation>				</pbcoreInstantiation>		<pbcoreInstantiation>			<!-- Production -->			<instantiationIdentifier source="Null University Archives" annotation="File Name">NUA_reel00445_01_prod.dv</instantiationIdentifier>			<instantiationIdentifier source="Null University Archives 2015-10-03" annotation="messageDigest" version="MD5">6910fad89d7f08a64cca0d167575c588</instantiationIdentifier>			<instantiationDate>2016-01-22</instantiationDate>			<instantiationDimensions unitsOfMeasure="Pixels">720x480</instantiationDimensions>			<instantiationDigital source="IANA MIME Media types" ref="http://www.iana.org/assignments/media-types/">video/DV</instantiationDigital>			<instantiationStandard>NTSC</instantiationStandard>			<instantiationLocation annotation="URI">http://my-fedora-repository.org/rest/dev/h9/89/r3/24/h989r3241</instantiationLocation>			<instantiationMediaType>Moving Image</instantiationMediaType>			<instantiationGenerations>Production</instantiationGenerations>			<instantiationDuration>00:14:51</instantiationDuration>			<instantiationTracks>1 video track; 2 audio tracks</instantiationTracks>			<instantiationLanguage source="ISO 639.2">eng</instantiationLanguage>			<instantiationRelation>				<instantiationRelationType source="PBCore relationType" ref="http://metadataregistry.org/concept/list/vocabulary_id/161.html">Derived from</instantiationRelationType>				<instantiationRelationIdentifier annotation="Tape ID">NUA_umatic00138_pres.mov</instantiationRelationIdentifier>			</instantiationRelation>		</pbcoreInstantiation>        <pbcoreInstantiation>			<!-- Access -->			<instantiationIdentifier source="Null University Archives" annotation="File Name">NUA_reel00445_01_access.mp4</instantiationIdentifier>			<instantiationIdentifier source="Null University Archives 2015-10-03" annotation="messageDigest" version="MD5">1dc64adb787b1938b6cedf215f446141</instantiationIdentifier>			<instantiationDate>2016-01-22</instantiationDate>			<instantiationDimensions unitsOfMeasure="Pixels">640x480</instantiationDimensions>			<instantiationDigital source="IANA MIME Media types" ref="http://www.iana.org/assignments/media-types/">video/H264</instantiationDigital>			<instantiationStandard>H.264/MPEG-4 AVC</instantiationStandard>			<instantiationLocation annotation="URI">http://my-fedora-repository.org/rest/dev/h9/89/r3/31/h970r4314</instantiationLocation>			<instantiationMediaType>Moving Image</instantiationMediaType>			<instantiationGenerations>Production</instantiationGenerations>			<instantiationDuration>00:13:45</instantiationDuration>			<instantiationTracks>1 video track; 2 audio tracks</instantiationTracks>			<instantiationLanguage source="ISO 639.2">eng</instantiationLanguage>			<instantiationRelation>				<instantiationRelationType source="PBCore relationType" ref="http://metadataregistry.org/concept/list/vocabulary_id/161.html">Derived from</instantiationRelationType>				<instantiationRelationIdentifier annotation="Tape ID">NUA_umatic00138_pres.mov</instantiationRelationIdentifier>			</instantiationRelation>		</pbcoreInstantiation>	</pbcoreDescriptionDocument></pbcoreCollection>
