<?xml version="1.0" encoding="UTF-8"?><!-- This is a complex descritpion document-level pbcore document that describes an audio asset.The three instantiations include an audio reel, a Preservation Audio File and a Backup Audio file. The Preservation file is on an online storage server, and the backup file is on an LTO Tape. --><pbcoreCollection xmlns="http://www.pbcore.org/PBCore/PBCoreNamespace.html" 	xmlns:xsi="http://www.w3.org/2001/XMLSchema-instance" 	xsi:schemaLocation="https://github.com/WGBH/PBCore_2.1/blob/master/pbcore-2.1.xsd">	<pbcoreDescriptionDocument>		<pbcoreAssetType>Media Object</pbcoreAssetType>		<pbcoreAssetDate dateType="DateCreated">1984-11-05</pbcoreAssetDate>		<pbcoreIdentifier source="NUA" annotation="Object Identifier">NUA_reel00445</pbcoreIdentifier>		<pbcoreTitle titleType="Main or Supplied Title">The Marble Orchard</pbcoreTitle>		<pbcoreDescription descriptionType="Summary" descriptionTypeSource="http://metadataregistry.org/concept/list/vocabulary_id/139.html">Audio recordings of a graveyards from across the country</pbcoreDescription>		<pbcoreInstantiation>			<!-- Physical Asset -->			<instantiationIdentifier source="NUA" annotation="Object Identifier">NUA_reel00445</instantiationIdentifier>			<instantiationDate dateType="DateCreated">1984-11-05</instantiationDate>			<instantiationPhysical>1/4 inch audio tape</instantiationPhysical>			<instantiationLocation annotation="Vault Location">r1-02.09</instantiationLocation>			<instantiationMediaType>Sound</instantiationMediaType>			<instantiationGenerations>Original</instantiationGenerations>			<instantiationDuration>00:36:46</instantiationDuration>			<instantiationLanguage source="ISO 639.2">eng</instantiationLanguage>		</pbcoreInstantiation>		<pbcoreInstantiation>			<!-- Preservation Master -->			<instantiationIdentifier source="Null University Archives" annotation="File Name">NUA_reel00445_01.wav</instantiationIdentifier>			<instantiationIdentifier source="Null University Archives 2015-10-03" annotation="messageDigest" version="MD5">ae5237a5e8dc7fce6d7876eaee347737</instantiationIdentifier>			<instantiationDate>2014-08-22</instantiationDate>			<instantiationDigital source="IANA MIME Media types" ref="http://www.iana.org/assignments/media-types/">audio/vnd.wave</instantiationDigital>			<instantiationStandard>Linear PCM Audio</instantiationStandard>			<instantiationLocation annotation="filepath">/Volumes/Drive0008/Audio/NUA_reel00445/PresMaster/NUA_reel00445_01.wav</instantiationLocation>			<instantiationMediaType>Sound</instantiationMediaType>			<instantiationGenerations>Master</instantiationGenerations>			<instantiationDuration>00:36:46</instantiationDuration>			<instantiationTracks>2 audio tracks</instantiationTracks>			<instantiationChannelConfiguration>Stereo; Ch1, Ch2</instantiationChannelConfiguration>			<instantiationLanguage source="ISO 639.2">eng</instantiationLanguage>				<instantiationRelation>				<instantiationRelationType source="PBCore relationType" ref="http://metadataregistry.org/concept/list/vocabulary_id/161.html">Derived from</instantiationRelationType>				<instantiationRelationIdentifier annotation="Tape ID">NUA_reel00445</instantiationRelationIdentifier>			</instantiationRelation>				</pbcoreInstantiation>		<pbcoreInstantiation>			<!-- Backup Copy -->			<instantiationIdentifier source="Null University Archives" annotation="File Name">NUA_reel00445_01.wav</instantiationIdentifier>			<instantiationIdentifier source="Null University Archives 2015-10-03" annotation="messageDigest" version="MD5">dda33d1857b85ae3f70da490ae640163</instantiationIdentifier>			<instantiationDate>2014-08-22</instantiationDate>			<instantiationDigital>audio/vnd.wave</instantiationDigital>			<instantiationStandard>Linear PCM Audio</instantiationStandard>			<instantiationLocation annotation="Tape ID">lto60004</instantiationLocation>			<instantiationMediaType>Sound</instantiationMediaType>			<instantiationGenerations>Backup</instantiationGenerations>			<instantiationDuration>00:36:46</instantiationDuration>			<instantiationTracks>2 audio tracks</instantiationTracks>			<instantiationChannelConfiguration>Stereo; Ch1, Ch2</instantiationChannelConfiguration>			<instantiationLanguage source="ISO 639.2">eng</instantiationLanguage>			<instantiationRelation>				<instantiationRelationType source="PBCore relationType" ref="http://metadataregistry.org/concept/list/vocabulary_id/161.html">Derived from</instantiationRelationType>				<instantiationRelationIdentifier annotation="Tape ID">NUA_reel00445</instantiationRelationIdentifier>			</instantiationRelation>			<instantiationRelation>				<instantiationRelationType source="PBCore relationType" ref="http://metadataregistry.org/concept/list/vocabulary_id/161.html">Is Contain On</instantiationRelationType>				<instantiationRelationIdentifier annotation="Tape ID">lto60004</instantiationRelationIdentifier>			</instantiationRelation>		</pbcoreInstantiation>	</pbcoreDescriptionDocument></pbcoreCollection>
